System_Size_L,Mean_A_Coefficient,Std_A_Coefficient,Num_Repetitions,Valid_Fits
5,1.909954e-02,1.311718e-03,3,3
30,1.835010e-02,2.123133e-03,3,3
55,1.907269e-02,1.274908e-03,3,3
80,1.877845e-02,9.664439e-04,3,3
