Time_t,Mean_X_Position,Num_Simulations
0.000000,0.000000,75000
20.000000,0.837560,75000
40.000000,1.196227,75000
60.000000,1.458200,75000
80.000000,1.680907,75000
100.000000,1.883440,75000
