bc,w,F_used,Khat,Khat_se,t_star_C,t_star_A,t_star,bins_per_decade,roll,smooth
periodic,5,0.0008,0.18443674197221233,0.0020525548478766554,16155980984.398695,618965818891259.8,618965818891259.8,12,7,none
